,age,height,koil,star,education,occupation,income,rasi,location,last_viewed
NM24169,22Yrs.,5ft6in(167cm),"VairavanKoil,Pilliyarvahuppu",உத்திராடம்,PostGraduate,Others,0,மகரம்,",TamilNadu,India",:13-July-2020
NM24146,22Yrs.,5ft2in(157cm),"Mathur,",மகரம்,Diploma,Others,10000,அவிட்டம்,",TamilNadu,India",:25-June-2020
NM24056,22Yrs.,5ft7in(170cm),"Mathur,Manalur",புனர்பூசம்,PostGraduate,Student,,மிதுனம்,",TamilNadu,India",:05-July-2020
NM23970,22Yrs.,5ft6in(167cm),"VairavanKoil,Periyavahuppu",சதயம்,M.C.A.,Notworking,,கும்பம்,",TamilNadu,India",:14-June-2020
NM23968,22Yrs.,5ft4in(162cm),"Mathur,Manalur",அஸ்தம்,Graduate,Analyst,IFNEEDED,கன்னி,",TamilNadu,India",:08-July-2020
NM23965,22Yrs.,5ft(152cm),"Ilayatrangudi,Perusenthurudaiyar",விசாகம்,M.B.A.,IT/TelecomProfessional,,விருச்சிகம்,",TamilNadu,India",:12-July-2020
NM23963,22Yrs.,,"Mathur,Kannur",அஸ்தம்,B.Tech,SoftwareEngineer,willdisclosepersonally,கன்னி,",TamilNadu,India",:24-June-2020
NM23954,22Yrs.,5ft8in(172cm),"Soorakudi,NoPirivu",அசுவினி,Graduate,Others,,மேஷம்,",TamilNadu,India",:01-July-2020
NM23877,22Yrs.,5ft4in(162cm),"Mathur,Arumbakkur",கேட்டை,Graduate,Notworking,,விருச்சிகம்,",Delhi,India",:10-July-2020
NM23836,22Yrs.,5ft1in(154cm),"Pillaiyarpatti,NoPirivu",பூசம்,Graduate,IT/TelecomProfessional,,கடகம்,",TamilNadu,India",:08-June-2020
NM23835,22Yrs.,5ft7in(170cm),"Pillaiyarpatti,NoPirivu",சுவாதி,B.Tech,SoftwareEngineer,35000,துலாம்,",TamilNadu,India",:09-July-2020
NM23833,22Yrs.,5ft5in(165cm),"Mathur,Arumbakkur",மூலம்,HigherSecondary/S.S.L.C.,Others,0,மேஷம்,",TamilNadu,UK",:28-May-2020
NM23735,22Yrs.,5ft3in(160cm),"Mathur,Arumbakkur",பூரட்டாதி,Engineering,Notworking,,கும்பம்,",TamilNadu,India",:11-July-2020
NM23732,22Yrs.,5ft6in(167cm),"Iluppakudi,NoPirivu",அசுவினி,Engineering,BusinessPerson,,மேஷம்,",TamilNadu,India",:13-July-2020
NM23707,22Yrs.,5ft5in(165cm),"Pillaiyarpatti,NoPirivu",உத்திரட்டாதி,Graduate,Analyst,25000,மீனம்,",TamilNadu,India",:10-July-2020
NM23627,22Yrs.,5ft5in(165cm),"VairavanKoil,Periyavahuppu",மூலம்,Diploma,Others,,தனுசு,",TamilNadu,Singapore",:30-May-2020
NM23614,22Yrs.,5ft1in(154cm),"Soorakudi,NoPirivu",திருவாதிரை,Others,Physiotherapist,,மிதுனம்,",TamilNadu,India",:06-July-2020
NM23610,22Yrs.,5ft2in(157cm),"Pillaiyarpatti,NoPirivu",பூரம்,GraduatewithComputerApplications,Notworking,,சிம்மம்,",TamilNadu,India",:27-May-2020
NM23487,22Yrs.,5ft2in(157cm),"Mathur,Manalur",பூராடம்,Engineering,Notworking,,தனுசு,",TamilNadu,India",:10-July-2020
NM23448,22Yrs.,5ft2in(157cm),"VairavanKoil,Periyavahuppu",உத்திரட்டாதி,M.B.A.,IT/TelecomProfessional,30000,மீனம்,",TamilNadu,India",:08-July-2020
NM23423,22Yrs.,5ft6in(167cm),"Iluppakudi,NoPirivu",பூசம்,M.B.A.,Others,,கடகம்,",TamilNadu,India",:11-July-2020
NM23346,22Yrs.,5ft5in(165cm),"Iraniyur,NoPirivu",உத்திரம்,PostGraduate,Notworking,,கன்னி,",TamilNadu,India",:13-July-2020
NM23326,22Yrs.,5ft2in(157cm),"Pillaiyarpatti,NoPirivu",புனர்பூசம்,PostGraduate,Notworking,,கடகம்,",TamilNadu,India",:29-May-2020
NM23308,22Yrs.,5ft4in(162cm),"VairavanKoil,Theyyanarvahuppu",பரணி,PostGraduate,Others,,மேஷம்,",TamilNadu,India",:19-June-2020
NM23275,22Yrs.,5ft3in(160cm),"Iluppakudi,NoPirivu",மிருகசீரிடம்,Graduate,Notworking,,ரிஷபம்,",TamilNadu,India",:23-April-2020
NM23265,22Yrs.,5ft7in(170cm),"Mathur,Manalur",பூசம்,Engineering,Notworking,,கடகம்,",TamilNadu,India",:12-July-2020
NM23263,22Yrs.,5ft2in(157cm),"Iraniyur,",திருவோணம்,B.Tech,FashionDesigner,25000,மகரம்,",TamilNadu,India",:10-July-2020
NM23258,22Yrs.,5ft5in(165cm),"Ilayatrangudi,Pattanasamiyar",உத்திரம்,PostGraduate,Notworking,,சிம்மம்,",TamilNadu,India",:27-March-2020
NM23224,22Yrs.,5ft4in(162cm),"VairavanKoil,Periyavahuppu",பூரம்,Graduate,Student,NIL,சிம்மம்,",Karnataka,India",:09-July-2020
NM23121,22Yrs.,5ft2in(157cm),"Soorakudi,NoPirivu",மகம்,Engineering,Notworking,Nil,சிம்மம்,",TamilNadu,India",:11-July-2020
